frase,situacao
sinto dor no peito e falta de ar,alto risco
tive um leve incômodo nas costas,baixo risco
dor forte no peito que irradia para o braço esquerdo,alto risco
dor de cabeça leve depois de uma noite mal dormida,baixo risco
aperto no tórax com suor frio e náusea,alto risco
cansaço depois de treinar na academia,baixo risco
desmaiei e acordei confuso no chão,alto risco
um pouco de tosse e nariz entupido,baixo risco
estou com a boca torta e dificuldade para falar,alto risco
leve dor muscular nas pernas depois de caminhar,baixo risco
fraqueza repentina no lado direito do corpo,alto risco
dor no pescoço por causa da má postura,baixo risco
perdi a visão de um olho de repente,alto risco
azia depois de comer muito,baixo risco
dor no peito que não passa há mais de vinte minutos,alto risco
sinto sono durante a tarde,baixo risco
falta de ar intensa mesmo em repouso,alto risco
estou com um resfriado leve sem febre,baixo risco
coração disparado com tontura e quase desmaiei,alto risco
"leve tontura quando levanto da cama rápido, passa em segundos",baixo risco
palpitações fortes e sensação de desmaio,alto risco
dor no estômago depois de comer pimenta,baixo risco
dor súbita no peito e dor ao respirar fundo,alto risco
formigamento no pé depois de ficar sentado por muito tempo,baixo risco
minha perna ficou inchada e agora tenho falta de ar súbita,alto risco
cansaço leve depois de uma semana de trabalho intenso,baixo risco
escarro com sangue e falta de ar,alto risco
coceira na garganta e espirros,baixo risco
pressão muito alta com dor de cabeça forte e visão turva,alto risco
dor nas costas depois de carregar peso,baixo risco
"dor de cabeça fulminante, a pior da minha vida",alto risco
mal-estar leve e dor de garganta,baixo risco
sinto um aperto no peito que vai para a mandíbula,alto risco
estou com dor de cabeça leve que melhora com água,baixo risco
suor frio e mal-estar intenso com dor no peito,alto risco
gripe fraca com coriza,baixo risco
não consigo respirar deitado e acordo sufocado à noite,alto risco
"fiquei ansioso antes da prova e senti o coração acelerado, mas passou rápido",baixo risco
inchaço nas pernas e falta de ar para qualquer esforço,alto risco
cãibra na panturrilha à noite que passa ao alongar,baixo risco
lábios roxos e dificuldade para respirar,alto risco
dor leve no joelho depois de correr,baixo risco
sensação de morte iminente com dor no peito,alto risco
"só queria fazer um check-up de rotina, sem sintomas",baixo risco
tive convulsão e depois fiquei sem conseguir mexer o braço,alto risco
não sinto dor no peito nem falta de ar,baixo risco
dormência no rosto e fala enrolada,alto risco
estou sem sintomas e quero apenas renovar o atestado,baixo risco
dor forte no peito que piora quando respiro e febre alta,alto risco
um pouco de enjoo por causa do calor,baixo risco
batimentos muito irregulares e dor no peito,alto risco
"inchaço leve nos pés depois de ficar o dia todo em pé, melhora ao deitar com as pernas para cima",baixo risco
fiquei com a pele pálida e fria e o coração acelerado,alto risco
dificuldade para dormir nesta semana por estresse,baixo risco
dor intensa nas costas entre as escápulas e suor frio,alto risco
dor de ouvido leve,baixo risco
perdi os sentidos por alguns segundos enquanto caminhava,alto risco
"um pouco de falta de ar depois de subir correndo três lances de escada, mas recupero logo",baixo risco
sinto que vou desmaiar e meu peito está apertado,alto risco
estou com a visão cansada depois de olhar muito a tela,baixo risco
dor no peito há duas horas com falta de ar,alto risco
leve dor no ombro depois de dormir de mau jeito,baixo risco
o pulso está muito rápido e sinto falta de ar em repouso,alto risco
manchas leves na pele sem coceira,baixo risco
dor torácica em aperto depois de esforço que não melhora com repouso,alto risco
ardência ao urinar há um dia,baixo risco
"tontura intensa, fala arrastada e formigamento no braço",alto risco
apetite diminuído por causa do calor,baixo risco
sinto dor no braço esquerdo e náusea,alto risco
sensação de barriga inchada depois do almoço,baixo risco
tosse com espuma rosada e muita falta de ar,alto risco
um pequeno corte no dedo que já está cicatrizando,baixo risco
confusão mental súbita e fraqueza em um lado do corpo,alto risco
dor de dente leve,baixo risco
dor no peito e desmaio durante exercício,alto risco
nariz escorrendo e olhos coçando por causa da alergia,baixo risco
dor no peito que começou agora e está cada vez pior,alto risco
sensação de cansaço depois de uma viagem longa de carro,baixo risco
sufocamento e dor no peito ao deitar,alto risco
tosse seca leve há dois dias sem febre,baixo risco
falta de ar repentina com chiado e lábios arroxeados,alto risco
dor leve na lombar quando fico muito tempo sentado,baixo risco
palpitações com dor no peito e suor frio,alto risco
quero tirar dúvidas sobre alimentação saudável,baixo risco
não consigo falar direito e meu rosto está caído,alto risco
dor de barriga leve que passou depois de ir ao banheiro,baixo risco
senti uma dor rasgando o peito e as costas,alto risco
"palpitação rápida depois de tomar muito café, passou em poucos minutos",baixo risco
tornozelos muito inchados e não consigo respirar sem ficar sentado,alto risco
estou com dor muscular depois de começar a malhar,baixo risco
pressão 20 por 12 com dor no peito,alto risco
sinto o corpo pesado depois de dormir pouco,baixo risco
sinto o coração parar e voltar com tontura forte,alto risco
"dor de cabeça leve com o calor, melhora com água e descanso",baixo risco
"dor no peito, náusea e suor frio desde a madrugada",alto risco
"leve falta de ar por causa da poeira, melhora ao sair do local",baixo risco
ficou tudo escuro e caí no chão sem sentir nada,alto risco
"sem febre, sem dor e sem falta de ar, apenas uma tosse leve",baixo risco
"dor súbita na panturrilha, inchaço e falta de ar",alto risco
"senti uma pontada rápida no peito ao espirrar, que já passou",baixo risco
"cansaço extremo, falta de ar e inchaço nas pernas que pioram a cada dia",alto risco
inchaço leve no tornozelo depois de torcer o pé jogando bola,baixo risco
dor no peito intensa depois de brigar e fiquei sem ar,alto risco
mal-estar leve depois de tomar a vacina,baixo risco
sinto formigamento e fraqueza no braço direito e dificuldade para falar,alto risco
dor de garganta há dois dias sem febre,baixo risco
pressão alta com dor no peito e visão embaçada,alto risco
meu pai de 70 anos está com tosse leve e coriza,baixo risco
estou com muita falta de ar e dor forte no peito,alto risco
minha mãe tem dor no joelho ao subir escadas,baixo risco
desmaiei duas vezes hoje com batimentos irregulares,alto risco
uma mulher de 55 anos com dor de cabeça leve e cansaço depois do trabalho,baixo risco
meu pai de 70 anos está com dor no peito e suor frio,alto risco
um homem de 40 anos com dor muscular depois do futebol,baixo risco
minha mãe está com falta de ar e a boca torta,alto risco
sinto desconforto leve no estômago depois do café,baixo risco
"uma mulher de 55 anos com dor de mandíbula, náusea e cansaço súbito",alto risco
dor leve no braço depois de carregar compras pesadas,baixo risco
senti um aperto forte no peito ao subir a escada e não passa,alto risco
tontura leve por ficar muito tempo sem comer,baixo risco
